{
    "add": [
        "000000",
        "rs",
        "rt",
        "shamt",
        "dc",
        "000001"
    ],
    "comp": [
        "000000",
        "rs",
        "rt",
        "shamt",
        "dc",
        "000010"
    ],
    "and": [
        "000000",
        "rs",
        "rt",
        "shamt",
        "dc",
        "000011"
    ],
    "xor": [
        "000000",
        "rs",
        "rt",
        "shamt",
        "dc",
        "000100"
    ],
    "diff": [
        "000000",
        "rs",
        "rt",
        "shamt",
        "dc",
        "000101"
    ],
    "shllv": [
        "000001",
        "rs",
        "rt",
        "shamt",
        "dc",
        "000001"
    ],
    "shrlv": [
        "000001",
        "rs",
        "rt",
        "shamt",
        "dc",
        "000010"
    ],
    "shrav": [
        "000001",
        "rs",
        "rt",
        "shamt",
        "dc",
        "000011"
    ],
    "shll": [
        "000001",
        "rs",
        "rt",
        "shamt",
        "dc",
        "000100"
    ],
    "shrl": [
        "000001",
        "rs",
        "rt",
        "shamt",
        "dc",
        "000101"
    ],
    "shra": [
        "000001",
        "rs",
        "rt",
        "shamt",
        "dc",
        "000110"
    ],
    "addi": [
        "000010",
        "rs",
        "rt",
        "imm"
    ],
    "compi": [
        "000011",
        "rs",
        "rt",
        "imm"
    ],
    "lw": [
        "000100",
        "rs",
        "rt",
        "imm"
    ],
    "sw": [
        "000101",
        "rs",
        "rt",
        "imm"
    ],
    "bltz": [
        "000110",
        "rs",
        "dc",
        "addr"
    ],
    "bz": [
        "000111",
        "rs",
        "dc",
        "addr"
    ],
    "bnz": [
        "001000",
        "rs",
        "dc",
        "addr"
    ],
    "br": [
        "001001",
        "rs",
        "dc",
        "addr"
    ],
    "b": [
        "001010",
        "addr"
    ],
    "bl": [
        "001011",
        "addr"
    ],
    "bcy": [
        "001100",
        "addr"
    ],
    "bncy": [
        "001101",
        "addr"
    ]
}